{"cameraMode":{"drawMode":0,"name":"Shaded","section":"Shading Mode"},"sceneLighting":false,"audioPlay":false,"sceneViewState":{"m_AlwaysRefresh":false,"showFog":true,"showSkybox":false,"showFlares":true,"showImageEffects":true,"showParticleSystems":true,"showVisualEffectGraphs":true,"m_FxEnabled":true},"in2DMode":false,"pivot":{"x":0.2857780456542969,"y":1.8206967115402222,"z":-13.935580253601075},"rotation":{"x":0.005397686269134283,"y":0.010499672964215279,"z":-0.00005667322329827584,"w":0.9999303817749023},"size":4.828058242797852,"orthographic":true}