{"cameraMode":{"drawMode":0,"name":"Shaded","section":"Shading Mode"},"sceneLighting":false,"audioPlay":false,"sceneViewState":{"m_AlwaysRefresh":false,"showFog":true,"showSkybox":false,"showFlares":true,"showImageEffects":true,"showParticleSystems":true,"showVisualEffectGraphs":true,"m_FxEnabled":true},"in2DMode":false,"pivot":{"x":-1.1920928955078126e-7,"y":1.8020695447921754,"z":13.126123428344727},"rotation":{"x":0.12944860756397248,"y":0.17922425270080567,"z":-0.02379685267806053,"w":0.9749671220779419},"size":3.0057084560394289,"orthographic":false}