{"cameraMode":{"drawMode":0,"name":"Shaded","section":"Shading Mode"},"sceneLighting":false,"audioPlay":false,"sceneViewState":{"m_AlwaysRefresh":false,"showFog":true,"showSkybox":false,"showFlares":true,"showImageEffects":true,"showParticleSystems":true,"showVisualEffectGraphs":true,"m_FxEnabled":true},"in2DMode":false,"pivot":{"x":2.29584002494812,"y":-0.8961856961250305,"z":13.937945365905762},"rotation":{"x":0.2748173773288727,"y":-3.3414713129786835e-7,"z":-0.0000012706369716397604,"w":0.961500883102417},"size":8.083166122436524,"orthographic":false}