{"cameraMode":{"drawMode":0,"name":"Shaded","section":"Shading Mode"},"sceneLighting":false,"audioPlay":false,"sceneViewState":{"m_AlwaysRefresh":false,"showFog":true,"showSkybox":false,"showFlares":true,"showImageEffects":true,"showParticleSystems":true,"showVisualEffectGraphs":true,"m_FxEnabled":true},"in2DMode":false,"pivot":{"x":-10.435999870300293,"y":0.5350000858306885,"z":-0.056000009179115298},"rotation":{"x":0.05381319671869278,"y":0.7079962491989136,"z":-0.05426721274852753,"w":0.702069103717804},"size":0.8660253882408142,"orthographic":false}