{"cameraMode":{"drawMode":0,"name":"Shaded","section":"Shading Mode"},"sceneLighting":false,"audioPlay":false,"sceneViewState":{"m_AlwaysRefresh":false,"showFog":true,"showSkybox":false,"showFlares":true,"showImageEffects":true,"showParticleSystems":true,"showVisualEffectGraphs":true,"m_FxEnabled":true},"in2DMode":false,"pivot":{"x":0.09640085697174072,"y":1.4650163650512696,"z":1.2288594245910645},"rotation":{"x":0.2748173773288727,"y":-3.3414713129786835e-7,"z":-0.0000012706369716397604,"w":0.961500883102417},"size":3.215078830718994,"orthographic":false}