{"cameraMode":{"drawMode":0,"name":"Shaded","section":"Shading Mode"},"sceneLighting":false,"audioPlay":false,"sceneViewState":{"m_AlwaysRefresh":false,"showFog":true,"showSkybox":false,"showFlares":true,"showImageEffects":true,"showParticleSystems":true,"showVisualEffectGraphs":true,"m_FxEnabled":true},"in2DMode":false,"pivot":{"x":9.019865036010743,"y":0.8458824157714844,"z":3.812251091003418},"rotation":{"x":-0.32472607493400576,"y":0.48630252480506899,"z":-0.20092611014842988,"w":-0.7859352827072144},"size":14.757076263427735,"orthographic":false}