{"cameraMode":{"drawMode":0,"name":"Shaded","section":"Shading Mode"},"sceneLighting":false,"audioPlay":false,"sceneViewState":{"m_AlwaysRefresh":false,"showFog":true,"showSkybox":false,"showFlares":true,"showImageEffects":true,"showParticleSystems":true,"showVisualEffectGraphs":true,"m_FxEnabled":true},"in2DMode":false,"pivot":{"x":-1.9035463333129883,"y":0.49314606189727785,"z":-0.3325769901275635},"rotation":{"x":-0.09836922585964203,"y":0.8715283870697022,"z":-0.19534848630428315,"w":-0.4388658106327057},"size":1.9164279699325562,"orthographic":false}